{
    "train_loss": [
        1.375547628013455,
        1.0599274849405094,
        0.8529892846029632,
        0.7270171844229406,
        0.6027473425378604,
        0.5504794193773853,
        0.49556740157458246,
        0.4730443190555183,
        0.40955470922041914,
        0.3921905533391602,
        0.3778588049265803,
        0.36514029673167636,
        0.34021754727071646,
        0.3340829255629559,
        0.332872216555537,
        0.3156804542152249,
        0.3248948572849741,
        0.30741277762821745,
        0.2994084554059165,
        0.3008184187266291,
        0.2863054936029473,
        0.27672567647330615,
        0.2890738240310124,
        0.26767650538561294,
        0.26515867326940806,
        0.2728997141731029,
        0.26473396590777803,
        0.2524574024336679,
        0.2492472288559894,
        0.2543005459162654,
        0.2568042753302321,
        0.2448947231380307,
        0.23464805234451683,
        0.21994546043629548,
        0.24748560311842938,
        0.23157219400211257,
        0.24152845734236192,
        0.20848860126368854,
        0.21942145568983895,
        0.21972897478512354,
        0.22144614307551969,
        0.2168511150442824,
        0.20152122804096767,
        0.22629051682900408,
        0.2091494906921776,
        0.21801525986924464,
        0.2018211516798759,
        0.20178991106091712,
        0.19710674188574967,
        0.200854685416027,
        0.1916013459770047,
        0.19228426558630807,
        0.18940568630184446,
        0.21044745317527225,
        0.19205779798176822,
        0.18899155417267158,
        0.19761567626680646,
        0.181065803218861,
        0.18759162827413908,
        0.17398115609373366,
        0.1993313694790918,
        0.16837553880652603,
        0.17264977863856723,
        0.1581746043903487,
        0.16788899320728926,
        0.1684186721334652,
        0.1720486599875956,
        0.1734088523047311
    ],
    "val_loss": [
        1.197668162981669,
        0.9274317951429458,
        0.7527851956231254,
        0.629035210609436,
        0.5465492433025724,
        0.47882251540819804,
        0.4364352115562984,
        0.40301991757892425,
        0.3758269687493642,
        0.34770582914352416,
        0.3206120525087629,
        0.31869414022990633,
        0.30352044829300473,
        0.2962663756949561,
        0.2846209754546483,
        0.27929234973021916,
        0.2757234786237989,
        0.2710314672617685,
        0.2640588194131851,
        0.26338874683493657,
        0.2614850912775312,
        0.2611730620974586,
        0.2598068620477404,
        0.2550698806842168,
        0.249906635142508,
        0.2445292776539212,
        0.2458669846966153,
        0.25071164596648443,
        0.24824158265477136,
        0.24446486447538648,
        0.23836911334877922,
        0.23686707502319698,
        0.23265224155925568,
        0.2356470938239779,
        0.22904532920746576,
        0.2291622322230112,
        0.2318143048456737,
        0.2301812958149683,
        0.2302157755408968,
        0.2335931127979642,
        0.23112916364556269,
        0.2331597497065862,
        0.22990308418160393,
        0.22625159252257573,
        0.23005859624771846,
        0.22765253441674368,
        0.2326592478014174,
        0.22954880212034498,
        0.22582034596375056,
        0.22447631359100342,
        0.21939660622960044,
        0.22081893001283917,
        0.22390807739325932,
        0.22374462315014432,
        0.2184521157117117,
        0.2172873305422919,
        0.21901078351906367,
        0.21493789213044304,
        0.22018218210765295,
        0.22408445548443567,
        0.21960007065818424,
        0.22369212054070972,
        0.2235706356309709,
        0.22102372220584324,
        0.2208773475317728,
        0.22262181568713416,
        0.2221579848300843,
        0.21745332990373883
    ],
    "val_acc": [
        0.45714285714285713,
        0.7142857142857143,
        0.819047619047619,
        0.8571428571428571,
        0.8666666666666667,
        0.8857142857142857,
        0.8666666666666667,
        0.8857142857142857,
        0.8857142857142857,
        0.9142857142857143,
        0.9047619047619048,
        0.9047619047619048,
        0.9047619047619048,
        0.9142857142857143,
        0.9142857142857143,
        0.8952380952380953,
        0.8952380952380953,
        0.8952380952380953,
        0.9047619047619048,
        0.9047619047619048,
        0.9047619047619048,
        0.8952380952380953,
        0.9047619047619048,
        0.9047619047619048,
        0.9047619047619048,
        0.9047619047619048,
        0.9047619047619048,
        0.9047619047619048,
        0.9142857142857143,
        0.8952380952380953,
        0.9047619047619048,
        0.9047619047619048,
        0.9142857142857143,
        0.9047619047619048,
        0.9047619047619048,
        0.9047619047619048,
        0.9047619047619048,
        0.9142857142857143,
        0.9047619047619048,
        0.9047619047619048,
        0.9142857142857143,
        0.9047619047619048,
        0.9142857142857143,
        0.9238095238095239,
        0.9142857142857143,
        0.9238095238095239,
        0.8952380952380953,
        0.9047619047619048,
        0.9047619047619048,
        0.8952380952380953,
        0.9238095238095239,
        0.9238095238095239,
        0.9238095238095239,
        0.9333333333333333,
        0.9142857142857143,
        0.9333333333333333,
        0.9333333333333333,
        0.9238095238095239,
        0.9238095238095239,
        0.9142857142857143,
        0.9142857142857143,
        0.9142857142857143,
        0.9333333333333333,
        0.9333333333333333,
        0.9333333333333333,
        0.9333333333333333,
        0.9333333333333333,
        0.9333333333333333
    ]
}